Datetime,Temperature,Memory Free %,CPU Utilization %
2024-03-21 18:13:24,54.04,65.21,60.8
2024-03-21 18:13:55,54.53,65.19,64.16
2024-03-21 18:14:26,54.04,65.15,57.25
2024-03-21 18:14:57,54.04,67.38,83.42
2024-03-21 18:15:28,56.97,67.66,64.99
2024-03-21 18:15:59,54.04,67.67,57.39
2024-03-21 18:16:30,54.53,67.7,57.32
2024-03-21 18:17:01,54.53,67.68,57.58
2024-03-21 18:17:32,54.04,67.61,56.25
2024-03-21 18:18:03,54.04,67.61,55.81
2024-03-21 18:18:34,55.5,67.58,56.11
2024-03-21 18:19:05,55.02,67.65,58.0
2024-03-21 18:19:36,56.48,67.61,57.18
2024-03-21 18:20:07,55.02,67.62,56.89
2024-03-21 18:20:38,54.53,67.59,57.87
2024-03-21 18:21:09,55.5,67.59,58.04
2024-03-21 18:21:40,55.5,67.65,57.18
2024-03-21 18:22:11,55.02,67.63,56.67
2024-03-21 18:22:42,54.53,67.61,57.67
2024-03-21 18:23:13,55.02,67.62,56.92
2024-03-21 18:23:44,55.5,67.61,57.18
2024-03-21 18:24:15,54.53,67.61,57.29
2024-03-21 18:24:47,55.5,67.61,58.02
2024-03-21 18:25:18,55.5,67.61,57.83
2024-03-21 18:25:49,55.99,67.62,57.04
2024-03-21 18:26:20,55.02,67.65,57.11
2024-03-21 18:26:51,54.53,67.64,57.29
2024-03-21 18:27:22,55.5,67.62,57.25
2024-03-21 18:27:53,55.02,67.62,57.14
2024-03-21 18:28:24,54.53,67.62,56.63
2024-03-21 18:28:55,55.02,67.59,57.25
2024-03-21 18:29:26,55.02,67.6,57.68
2024-03-21 18:29:57,55.99,67.57,56.5
2024-03-21 18:30:28,54.04,67.59,57.11
2024-03-21 18:30:59,54.04,67.61,57.57
2024-03-21 18:31:30,55.99,67.6,57.11
2024-03-21 18:32:01,55.02,67.58,56.96
2024-03-21 18:32:32,55.02,67.59,57.39
2024-03-21 18:33:03,54.53,67.59,58.17
2024-03-21 18:33:34,54.04,67.57,57.68
2024-03-21 18:34:05,55.5,67.61,56.68
2024-03-21 18:34:36,54.04,67.6,57.43
2024-03-21 18:35:07,55.02,67.66,56.49
2024-03-21 18:35:38,54.53,67.64,56.53
2024-03-21 18:36:09,54.53,67.68,57.89
2024-03-21 18:36:40,55.02,67.64,57.86
2024-03-21 18:37:11,54.04,67.86,59.64
2024-03-21 18:37:42,55.5,67.77,57.18
2024-03-21 18:38:13,54.53,67.81,58.5
2024-03-21 18:38:44,54.53,67.8,56.17
2024-03-21 18:39:15,54.04,67.81,56.96
2024-03-21 18:39:46,54.04,67.81,56.93
2024-03-21 18:40:17,54.53,67.79,56.68
2024-03-21 18:40:48,54.04,67.76,56.74
2024-03-21 18:41:19,54.04,67.76,57.18
2024-03-21 18:41:50,54.53,67.78,57.11
2024-03-21 18:42:21,55.02,67.86,57.43
2024-03-21 18:42:52,56.48,67.75,56.12
2024-03-21 18:43:23,55.02,67.77,57.29
2024-03-21 18:43:54,54.53,67.74,56.39
2024-03-21 18:44:25,54.53,67.79,57.43
2024-03-21 18:44:56,55.02,67.83,57.83
2024-03-21 18:45:27,55.5,67.84,56.31
2024-03-21 18:45:58,54.53,67.86,58.12
2024-03-21 18:46:29,54.53,67.81,58.29
2024-03-21 18:47:00,55.02,67.78,56.71
2024-03-21 18:47:31,54.53,67.84,57.46
2024-03-21 18:48:02,55.5,67.82,57.79
2024-03-21 18:48:33,55.5,67.83,57.25
2024-03-21 18:49:04,54.53,67.81,57.43
2024-03-21 18:49:35,55.5,67.81,58.38
2024-03-21 18:50:06,55.02,67.79,58.35
2024-03-21 18:50:37,54.53,67.76,55.87
2024-03-21 18:51:08,55.02,67.8,57.22
2024-03-21 18:51:39,54.04,67.84,56.71
2024-03-21 18:52:10,55.99,67.82,56.57
2024-03-21 18:52:41,55.02,67.87,57.36
2024-03-21 18:53:12,55.99,67.82,57.54
2024-03-21 18:53:43,55.5,67.79,56.31
2024-03-21 18:54:14,55.5,67.8,56.96
2024-03-21 18:54:45,54.53,67.8,57.18
2024-03-21 18:55:16,55.5,67.78,100.0
2024-03-21 18:55:47,55.02,67.85,57.22
2024-03-21 18:56:18,55.02,67.84,57.25
2024-03-21 18:56:49,55.99,67.79,58.54
2024-03-21 18:57:20,55.5,67.75,57.89
2024-03-21 18:57:51,55.5,67.77,57.36
2024-03-21 18:58:22,54.53,67.78,58.6
2024-03-21 18:58:53,54.53,67.72,57.04
2024-03-21 18:59:24,55.5,67.85,57.64
2024-03-21 18:59:55,55.02,67.79,56.85
2024-03-21 19:00:26,55.5,67.79,57.5
2024-03-21 19:00:57,54.53,67.85,57.64
2024-03-21 19:01:28,54.53,67.78,56.82
2024-03-21 19:01:59,55.02,67.78,57.79
2024-03-21 19:02:30,55.02,67.78,57.93
2024-03-21 19:03:01,55.02,67.84,56.63
2024-03-21 19:03:32,55.02,67.81,56.85
2024-03-21 19:04:03,55.5,67.8,57.79
2024-03-21 19:05:04,54.04,67.73,56.78
2024-03-21 19:05:35,55.5,67.75,56.75
2024-03-21 19:06:06,55.02,67.69,57.18
2024-03-21 19:06:37,54.53,67.8,56.14
2024-03-21 19:07:08,54.53,67.74,57.25
2024-03-21 19:07:39,53.56,67.86,56.82
2024-03-21 19:08:10,53.56,67.84,56.57
2024-03-21 19:08:41,54.04,67.84,57.36
2024-03-21 19:09:12,53.56,67.92,57.97
2024-03-21 19:09:43,54.53,67.86,56.31
2024-03-21 19:10:14,54.53,67.85,56.23
2024-03-21 19:10:45,54.04,67.83,56.57
2024-03-21 19:11:16,55.02,67.81,56.28
2024-03-21 19:11:47,53.56,67.88,56.42
2024-03-21 19:12:18,54.53,67.85,56.96
2024-03-21 19:12:49,54.04,67.85,56.78
2024-03-21 19:13:20,53.56,67.85,56.78
2024-03-21 19:13:51,53.56,67.77,57.18
2024-03-21 19:14:22,53.56,67.77,57.04
2024-03-21 19:14:53,54.04,67.76,57.5
2024-03-21 19:15:24,54.53,67.77,57.79
2024-03-21 19:15:55,54.53,67.78,57.18
2024-03-21 19:16:26,54.53,67.85,56.53
2024-03-21 19:16:57,55.02,67.77,58.4
2024-03-21 19:17:28,55.5,67.76,57.61
2024-03-21 19:17:59,55.02,67.71,57.79
2024-03-21 19:18:30,55.02,67.77,56.38
2024-03-21 19:19:01,54.53,67.73,58.15
2024-03-21 19:19:32,55.02,67.78,57.64
2024-03-21 19:20:03,55.5,67.78,56.06
2024-03-21 19:20:34,54.04,67.77,56.53
2024-03-21 19:21:05,54.04,67.74,58.42
2024-03-21 19:21:36,55.5,67.87,57.14
2024-03-21 19:22:07,54.04,67.85,56.68
2024-03-21 19:22:38,54.53,67.78,58.48
2024-03-21 19:23:09,55.02,67.75,57.07
2024-03-21 19:23:40,54.04,67.78,56.14
2024-03-21 19:24:11,54.53,67.77,57.97
2024-03-21 19:24:42,53.56,67.71,57.93
2024-03-21 19:25:13,54.53,67.79,57.36
2024-03-21 19:25:44,55.02,67.84,56.86
2024-03-21 19:26:15,55.02,67.77,57.04
2024-03-21 19:26:46,55.02,67.68,56.17
2024-03-21 19:27:17,55.02,67.76,56.12
2024-03-21 19:27:48,55.5,67.73,56.25
2024-03-21 19:28:19,55.02,67.76,57.18
2024-03-21 19:28:50,54.53,67.75,56.17
2024-03-21 19:29:21,54.53,67.86,57.36
2024-03-21 19:29:52,55.02,67.83,56.57
2024-03-21 19:30:23,54.53,67.75,56.5
2024-03-21 19:30:54,54.53,67.74,56.64
2024-03-21 19:31:25,56.48,67.79,55.44
2024-03-21 19:31:56,54.04,67.78,90.93
2024-03-21 19:32:27,55.5,67.81,56.36
2024-03-21 19:32:58,55.5,67.84,56.89
2024-03-21 19:33:29,54.53,67.78,56.82
2024-03-21 19:34:00,55.02,67.79,55.56
2024-03-21 19:34:31,54.04,67.77,56.49
2024-03-21 19:35:02,54.04,67.76,56.64
2024-03-21 19:35:33,55.02,67.77,54.66
2024-03-21 19:36:04,55.02,67.75,56.28
2024-03-21 19:36:35,55.02,67.85,56.0
2024-03-21 19:37:06,54.53,67.86,56.33
2024-03-21 19:37:37,54.53,67.88,55.25
2024-03-21 19:38:08,54.53,67.8,55.3
2024-03-21 19:38:39,55.02,67.78,55.03
2024-03-21 19:39:10,54.53,67.76,54.77
2024-03-21 19:39:41,55.99,67.82,55.25
2024-03-21 19:40:12,54.53,67.75,58.9
2024-03-21 19:40:43,55.02,67.75,55.97
2024-03-21 19:41:14,53.56,67.77,56.97
2024-03-21 19:41:45,54.04,67.82,56.42
2024-03-21 19:42:16,54.53,67.74,55.05
2024-03-21 19:42:47,53.56,67.76,55.86
2024-03-21 19:43:18,54.04,67.78,54.89
2024-03-21 19:43:49,53.56,67.76,55.56
2024-03-21 19:44:20,55.02,67.75,55.39
2024-03-21 19:44:51,54.53,67.72,56.11
2024-03-21 19:45:22,54.53,67.77,55.08
2024-03-21 19:45:53,53.56,67.84,54.55
2024-03-21 19:46:24,54.53,67.74,59.49
2024-03-21 19:46:55,55.5,67.81,55.58
2024-03-21 19:47:26,54.04,67.89,54.89
2024-03-21 19:47:57,54.04,67.86,55.03
2024-03-21 19:48:28,55.02,67.86,55.16
2024-03-21 19:48:59,53.07,67.81,54.91
2024-03-21 19:49:30,54.53,67.79,55.14
2024-03-21 19:50:01,55.02,67.73,54.89
2024-03-21 19:50:32,54.04,67.74,55.53
2024-03-21 19:51:03,55.02,67.77,56.61
2024-03-21 19:51:34,55.02,67.75,54.77
2024-03-21 19:52:05,53.56,67.74,55.75
2024-03-21 19:52:36,54.04,67.77,55.92
2024-03-21 19:53:07,54.53,67.77,54.94
2024-03-21 19:53:38,55.5,67.8,55.05
2024-03-21 19:54:09,55.5,67.77,53.0
2024-03-21 19:54:40,54.53,67.75,54.77
2024-03-21 19:55:11,54.53,67.74,55.78
2024-03-21 19:55:42,55.02,67.72,54.68
2024-03-21 19:56:43,54.53,67.76,55.94
2024-03-21 19:57:14,53.56,67.84,55.5
2024-03-21 19:57:45,54.53,67.77,54.41
2024-03-21 19:58:16,54.04,67.89,54.25
2024-03-21 19:58:47,54.04,67.86,54.73
2024-03-21 19:59:18,54.53,67.88,53.79
2024-03-21 19:59:49,53.56,67.85,54.29
2024-03-21 20:00:20,53.56,67.82,54.75
2024-03-21 20:00:51,54.53,67.83,54.02
2024-03-21 20:01:22,53.56,67.82,53.9
2024-03-21 20:01:53,55.5,67.85,54.52
2024-03-21 20:02:24,53.07,67.94,54.39
2024-03-21 20:02:55,53.56,67.83,54.02
2024-03-21 20:03:26,54.04,67.81,53.16
2024-03-21 20:03:57,54.53,67.79,54.75
2024-03-21 20:04:28,55.02,67.82,54.25
2024-03-21 20:04:59,54.53,67.78,53.4
2024-03-21 20:05:30,54.04,67.84,53.15
2024-03-21 20:06:01,55.02,67.93,53.77
2024-03-21 20:06:32,54.53,67.87,53.27
2024-03-21 20:07:03,54.04,67.86,53.88
2024-03-21 20:07:34,54.53,67.85,52.88
2024-03-21 20:08:05,54.04,67.84,53.35
2024-03-21 20:08:36,54.53,67.8,52.9
2024-03-21 20:09:07,55.02,67.88,53.13
2024-03-21 20:09:38,54.53,67.82,53.4
2024-03-21 20:10:09,54.53,67.88,52.01
2024-03-21 20:10:40,53.07,67.82,52.9
2024-03-21 20:11:11,54.04,67.79,53.13
2024-03-21 20:11:42,53.56,67.87,53.12
2024-03-21 20:12:13,54.53,67.86,54.0
2024-03-21 20:12:44,53.07,67.83,54.0
2024-03-21 20:13:15,53.56,67.8,53.9
2024-03-21 20:13:46,54.53,67.86,53.1
2024-03-21 20:14:17,54.53,67.85,53.0
2024-03-21 20:14:48,53.56,67.92,52.88
2024-03-21 20:15:19,55.02,67.86,52.51
2024-03-21 20:15:50,54.04,67.85,52.75
2024-03-21 20:16:21,53.56,67.82,52.78
2024-03-21 20:16:52,53.56,67.78,53.0
2024-03-21 20:17:23,54.53,67.77,55.89
2024-03-21 20:17:54,54.04,67.74,53.0
2024-03-21 20:18:25,54.53,67.81,52.76
2024-03-21 20:18:56,54.53,67.77,53.77
2024-03-21 20:19:27,54.53,67.76,53.12
2024-03-21 20:19:58,54.53,67.75,52.75
2024-03-21 20:20:29,54.53,67.8,53.5
2024-03-21 20:21:00,54.53,67.78,53.0
2024-03-21 20:21:31,54.53,67.83,53.0
2024-03-21 20:22:02,54.53,67.81,53.12
2024-03-21 20:22:33,55.02,67.79,52.39
2024-03-21 20:23:04,54.04,67.79,53.0
2024-03-21 20:23:35,54.04,67.87,53.0
2024-03-21 20:24:06,53.07,67.85,53.23
2024-03-21 20:24:37,53.07,67.83,53.02
2024-03-21 20:25:08,53.56,67.82,54.16
2024-03-21 20:25:39,54.53,67.85,52.76
2024-03-21 20:26:10,54.53,67.78,52.88
2024-03-21 20:26:41,54.53,67.76,52.78
2024-03-21 20:27:12,54.04,67.85,52.76
2024-03-21 20:27:43,55.02,67.84,52.87
2024-03-21 20:28:14,53.56,67.82,53.79
2024-03-21 20:28:45,53.07,67.77,53.02
2024-03-21 20:29:16,55.02,67.75,54.75
2024-03-21 20:29:47,54.04,67.82,53.38
2024-03-21 20:30:18,54.53,67.91,53.27
2024-03-21 20:30:49,54.04,67.89,52.64
2024-03-21 20:31:20,54.04,67.87,53.13
2024-03-21 20:31:51,54.53,67.81,53.62
2024-03-21 20:32:22,54.53,67.81,53.75
2024-03-21 20:32:53,55.02,67.82,52.97
2024-03-21 20:33:24,53.56,67.78,53.13
2024-03-21 20:33:55,54.53,67.81,53.38
2024-03-21 20:34:26,54.53,67.84,52.53
2024-03-21 20:34:57,55.02,67.83,53.37
2024-03-21 20:35:28,54.53,67.83,52.88
2024-03-21 20:35:59,54.04,67.85,53.63
2024-03-21 20:36:30,55.02,67.9,53.58
2024-03-21 20:37:01,53.56,67.9,53.73
2024-03-21 20:37:32,54.53,67.85,53.13
2024-03-21 20:38:03,53.56,67.86,52.78
2024-03-21 20:38:34,53.56,67.85,53.27
2024-03-21 20:39:05,54.04,67.87,53.42
2024-03-21 20:39:36,55.02,67.85,54.91
2024-03-21 20:40:07,55.02,67.87,52.63
2024-03-21 20:40:38,54.04,67.87,52.39
2024-03-21 20:41:09,53.07,67.86,51.63
2024-03-21 20:41:40,54.53,67.81,53.0
2024-03-21 20:42:11,54.04,67.84,53.13
2024-03-21 20:42:42,54.53,67.81,52.76
2024-03-21 20:43:13,53.56,67.82,53.62
2024-03-21 20:43:44,54.53,67.86,52.53
2024-03-21 20:44:15,55.5,67.87,52.26
2024-03-21 20:44:46,54.04,67.86,53.03
2024-03-21 20:45:17,54.53,67.86,52.39
2024-03-21 20:45:48,54.04,67.88,53.27
2024-03-21 20:46:19,53.56,67.88,53.27
2024-03-21 20:46:50,54.53,67.89,53.63
2024-03-21 20:47:21,53.56,67.86,53.5
2024-03-21 20:48:22,54.53,67.85,52.63
2024-03-21 20:48:53,53.56,67.87,53.23
2024-03-21 20:49:24,53.56,67.85,53.54
2024-03-21 20:49:55,54.53,67.85,53.28
2024-03-21 20:50:26,54.04,67.77,54.14
2024-03-21 20:50:57,55.02,67.87,52.64
2024-03-21 20:51:28,53.56,67.85,53.02
2024-03-21 20:51:59,54.04,67.84,53.52
2024-03-21 20:52:30,53.07,67.82,53.15
2024-03-21 20:53:01,54.04,67.8,53.15
2024-03-21 20:53:32,54.53,67.78,53.5
2024-03-21 20:54:03,54.04,67.67,52.88
2024-03-21 20:54:34,55.02,67.79,53.38
2024-03-21 20:55:05,54.53,67.79,53.62
2024-03-21 20:55:36,53.07,67.79,53.13
2024-03-21 20:56:07,53.56,67.82,53.5
2024-03-21 20:56:38,53.56,67.8,52.76
2024-03-21 20:57:09,54.04,67.79,52.78
2024-03-21 20:57:40,55.02,67.81,52.87
2024-03-21 20:58:11,53.07,67.84,53.62
2024-03-21 20:58:42,54.53,67.85,53.15
2024-03-21 20:59:13,54.53,67.86,54.28
2024-03-21 20:59:44,53.56,67.82,53.77
2024-03-21 21:00:15,54.04,67.79,53.12
2024-03-21 21:00:46,54.04,67.85,52.39
2024-03-21 21:01:17,54.04,67.85,53.13
2024-03-21 21:01:48,54.53,67.97,52.64
2024-03-21 21:02:19,55.02,67.92,52.76
2024-03-21 21:02:50,54.04,67.91,53.13
2024-03-21 21:03:21,53.07,67.91,52.75
2024-03-21 21:03:52,54.53,67.87,53.25
2024-03-21 21:04:23,54.53,67.86,52.88
2024-03-21 21:04:54,53.56,67.86,52.51
2024-03-21 21:05:25,54.53,67.85,53.75
2024-03-21 21:05:56,54.53,67.88,52.76
2024-03-21 21:06:27,53.56,67.87,55.0
2024-03-21 21:06:58,53.07,67.87,54.64
2024-03-21 21:07:29,54.53,67.86,53.58
2024-03-21 21:08:00,53.56,67.84,52.5
2024-03-21 21:08:31,54.04,67.82,52.39
2024-03-21 21:09:02,54.04,67.82,52.88
2024-03-21 21:09:33,55.02,67.89,52.88
2024-03-21 21:10:04,54.04,67.87,52.9
2024-03-21 21:10:35,54.04,67.85,52.51
2024-03-21 21:11:06,55.02,67.84,53.02
2024-03-21 21:11:37,53.56,67.82,52.9
2024-03-21 21:12:08,54.04,67.83,52.26
2024-03-21 21:12:39,55.02,67.84,52.01
2024-03-21 21:13:10,54.53,67.83,52.88
2024-03-21 21:13:41,54.53,67.92,52.75
2024-03-21 21:14:12,55.02,67.88,53.35
2024-03-21 21:14:43,54.04,67.88,53.13
2024-03-21 21:15:14,54.53,67.88,52.76
2024-03-21 21:15:45,54.04,67.86,52.5
2024-03-21 21:16:16,53.56,67.88,52.75
2024-03-21 21:16:47,54.04,67.84,52.64
2024-03-21 21:17:18,55.5,67.83,53.88
2024-03-21 21:17:49,54.04,67.81,53.4
2024-03-21 21:18:20,53.56,67.82,53.48
2024-03-21 21:18:51,54.04,67.8,53.25
2024-03-21 21:19:22,54.53,67.81,65.33
2024-03-21 21:19:53,53.56,67.79,53.58
2024-03-21 21:20:24,54.53,67.8,52.14
2024-03-21 21:20:55,54.04,67.8,52.87
2024-03-21 21:21:26,53.56,67.75,52.51
2024-03-21 21:21:57,54.53,67.85,54.52
2024-03-21 21:22:28,54.04,67.83,53.0
2024-03-21 21:22:59,54.04,67.88,53.37
2024-03-21 21:23:30,53.07,67.87,52.76
2024-03-21 21:24:01,54.04,67.86,53.0
2024-03-21 21:24:32,55.02,67.84,53.5
2024-03-21 21:25:03,54.04,67.83,52.63
2024-03-21 21:25:34,54.04,67.78,52.53
2024-03-21 21:26:05,54.04,67.88,52.11
2024-03-21 21:26:36,54.04,67.86,53.37
2024-03-21 21:27:07,54.04,67.86,52.51
2024-03-21 21:27:38,54.53,67.79,52.64
2024-03-21 21:28:09,55.02,67.8,53.23
2024-03-21 21:28:40,53.56,67.76,52.75
2024-03-21 21:29:11,53.07,67.78,52.75
2024-03-21 21:29:42,54.53,67.76,53.02
2024-03-21 21:30:13,54.04,67.82,53.25
2024-03-21 21:30:44,55.02,67.83,53.0
2024-03-21 21:31:15,54.04,67.91,52.76
2024-03-21 21:31:46,54.04,67.88,52.85
2024-03-21 21:32:17,54.04,67.87,52.63
2024-03-21 21:32:48,54.04,67.82,53.13
2024-03-21 21:33:19,54.04,67.82,52.27
2024-03-21 21:33:50,54.04,67.81,53.47
2024-03-21 21:34:21,54.53,67.8,53.13
2024-03-21 21:34:52,54.04,67.83,52.76
2024-03-21 21:35:23,54.04,78.41,52.88
2024-03-21 21:35:54,54.04,78.4,52.5
2024-03-21 21:36:25,53.07,78.34,52.75
2024-03-21 21:36:56,54.53,78.28,52.39
2024-03-21 21:37:27,53.56,78.3,53.0
2024-03-21 21:37:58,54.04,78.3,52.88
2024-03-21 21:38:29,54.04,78.28,52.63
2024-03-21 21:39:00,55.02,78.36,52.15
2024-03-21 21:40:01,54.04,78.32,52.64
2024-03-21 21:40:32,54.53,82.84,52.5
2024-03-21 21:41:03,53.56,82.84,52.49
2024-03-21 21:41:34,54.04,82.78,53.38
2024-03-21 21:42:05,54.04,82.78,53.12
2024-03-21 21:42:36,54.53,82.76,52.63
2024-03-21 21:43:07,54.04,82.76,52.51
2024-03-21 21:43:38,53.07,82.74,53.09
2024-03-21 21:44:09,54.04,82.73,53.9
2024-03-21 21:44:40,54.04,82.75,52.5
2024-03-21 21:45:11,53.56,82.75,52.75
2024-03-21 21:45:42,54.04,82.75,52.62
2024-03-21 21:46:13,54.53,82.82,52.01
2024-03-21 21:46:44,54.04,82.8,52.5
2024-03-21 21:47:15,54.04,82.8,52.5
2024-03-21 21:47:46,55.02,82.8,52.39
2024-03-21 21:48:17,54.53,82.8,52.5
2024-03-21 21:48:48,55.02,82.8,52.88
2024-03-21 21:49:19,54.04,82.8,53.13
2024-03-21 21:49:50,55.02,82.79,52.76
2024-03-21 21:50:21,55.02,82.79,52.63
2024-03-21 21:50:52,55.5,82.79,53.13
2024-03-21 21:51:23,55.02,82.78,53.88
2024-03-21 21:51:54,54.53,82.77,53.25
2024-03-21 21:52:25,55.5,82.76,52.76
2024-03-21 21:52:56,54.04,82.76,52.64
2024-03-21 21:53:27,54.53,82.72,53.35
2024-03-21 21:53:58,53.56,82.74,52.13
2024-03-21 21:54:29,54.04,82.76,52.76
2024-03-21 21:55:00,54.53,82.71,53.15
2024-03-21 21:55:31,55.5,82.82,52.39
2024-03-21 21:56:02,54.53,82.76,53.87
2024-03-21 21:56:33,54.53,82.75,52.87
2024-03-21 21:57:04,54.53,82.72,53.02
2024-03-21 21:57:35,55.02,82.74,52.88
2024-03-21 21:58:06,53.56,82.74,52.88
2024-03-21 21:58:37,53.56,82.75,52.75
2024-03-21 21:59:08,54.53,82.73,52.88
2024-03-21 21:59:39,54.53,82.8,52.74
2024-03-21 22:00:10,54.04,82.8,52.63
2024-03-21 22:00:41,54.53,82.79,52.76
2024-03-21 22:01:12,55.02,82.79,52.5
2024-03-21 22:01:43,54.53,82.76,52.5
2024-03-21 22:02:14,53.56,82.74,53.63
2024-03-21 22:02:45,55.02,82.76,52.38
2024-03-21 22:03:16,55.5,82.76,52.87
2024-03-21 22:03:47,54.04,82.76,52.87
2024-03-21 22:04:18,54.04,82.78,53.38
2024-03-21 22:04:49,54.53,82.77,52.76
2024-03-21 22:05:20,55.02,82.77,53.58
2024-03-21 22:05:51,53.56,82.78,52.26
2024-03-21 22:06:22,54.53,82.78,53.02
2024-03-21 22:06:53,55.02,82.76,52.26
2024-03-21 22:07:24,54.53,82.77,52.75
2024-03-21 22:07:55,54.04,82.77,52.02
2024-03-21 22:08:26,53.56,82.79,52.38
2024-03-21 22:08:57,55.02,82.78,53.0
2024-03-21 22:09:28,53.56,82.78,52.51
2024-03-21 22:09:59,54.53,82.8,52.63
2024-03-21 22:10:30,54.04,82.71,52.38
2024-03-21 22:11:01,54.53,82.71,52.63
2024-03-21 22:11:32,54.53,82.71,52.5
2024-03-21 22:12:03,54.04,82.72,52.75
2024-03-21 22:12:34,55.02,82.73,52.51
2024-03-21 22:13:05,54.53,82.73,52.38
2024-03-21 22:13:36,54.53,82.87,52.9
2024-03-21 22:14:07,55.02,82.86,52.15
2024-03-21 22:14:38,54.53,82.73,53.13
2024-03-21 22:15:09,54.53,82.73,53.1
2024-03-21 22:15:40,54.53,82.71,52.64
2024-03-21 22:16:11,54.04,82.69,52.01
2024-03-21 22:16:42,54.04,82.74,53.13
2024-03-21 22:17:13,55.02,82.65,53.25
2024-03-21 22:17:44,54.04,82.72,53.5
2024-03-21 22:18:15,54.53,82.64,53.37
2024-03-21 22:18:46,54.04,82.62,52.88
2024-03-21 22:19:17,55.02,82.61,52.51
2024-03-21 22:19:48,53.56,82.65,53.25
2024-03-21 22:20:19,54.53,82.65,52.63
2024-03-21 22:20:50,55.5,82.66,53.37
2024-03-21 22:21:21,55.02,82.65,52.76
2024-03-21 22:21:52,53.07,82.63,52.63
2024-03-21 22:22:23,54.53,82.62,53.38
2024-03-21 22:22:54,54.53,82.68,53.47
2024-03-21 22:23:25,54.53,82.66,52.9
2024-03-21 22:23:56,54.04,82.72,52.91
2024-03-21 22:24:27,55.02,82.66,54.27
2024-03-21 22:24:58,53.56,82.64,53.0
2024-03-21 22:25:29,53.07,82.65,53.25
2024-03-21 22:26:00,54.04,82.64,53.0
2024-03-21 22:26:31,53.56,82.61,55.58
2024-03-21 22:27:02,55.02,82.67,54.0
2024-03-21 22:27:33,55.02,82.68,53.52
2024-03-21 22:28:04,54.04,82.63,75.31
2024-03-21 22:28:35,55.5,82.65,53.6
2024-03-21 22:29:06,53.56,82.65,52.99
2024-03-21 22:29:37,54.04,82.71,52.88
2024-03-21 22:30:08,55.02,82.68,53.47
2024-03-21 22:30:39,54.04,82.71,52.9
2024-03-21 22:31:40,55.02,82.64,52.13
2024-03-21 22:32:11,54.53,82.64,53.0
2024-03-21 22:32:42,55.02,82.64,52.9
2024-03-21 22:33:13,55.02,82.63,78.91
2024-03-21 22:33:44,54.53,82.63,53.13
2024-03-21 22:34:15,54.04,82.64,52.5
2024-03-21 22:34:46,54.53,82.61,52.76
2024-03-21 22:35:17,55.5,82.6,52.63
2024-03-21 22:35:48,55.02,82.6,52.62
2024-03-21 22:36:19,54.53,82.64,52.64
2024-03-21 22:36:50,55.5,82.65,52.75
2024-03-21 22:37:21,53.56,82.64,52.88
2024-03-21 22:37:52,54.04,82.64,53.48
2024-03-21 22:38:23,55.02,82.64,53.02
2024-03-21 22:38:54,54.53,82.66,53.02
2024-03-21 22:39:25,54.53,82.61,53.25
2024-03-21 22:39:56,54.53,82.61,52.63
2024-03-21 22:40:27,54.53,82.6,52.5
2024-03-21 22:40:58,54.53,82.6,52.9
2024-03-21 22:41:29,53.56,82.59,53.73
2024-03-21 22:42:00,54.53,82.59,53.42
2024-03-21 22:42:31,54.04,82.6,52.78
2024-03-21 22:43:02,53.56,82.6,52.63
2024-03-21 22:43:33,55.02,82.59,53.12
2024-03-21 22:44:04,53.56,82.6,52.26
2024-03-21 22:44:35,54.04,82.58,53.38
2024-03-21 22:45:06,54.04,82.66,53.13
2024-03-21 22:45:37,55.02,82.61,53.13
2024-03-21 22:46:08,54.53,82.61,52.63
2024-03-21 22:46:39,54.53,82.66,52.64
2024-03-21 22:47:10,55.02,82.71,56.11
2024-03-21 22:47:41,55.02,82.71,52.26
2024-03-21 22:48:12,54.53,82.71,53.02
2024-03-21 22:48:43,54.53,82.64,52.51
2024-03-21 22:49:14,55.5,82.58,53.37
2024-03-21 22:49:45,53.56,82.67,53.23
2024-03-21 22:50:16,53.56,82.66,52.38
2024-03-21 22:50:47,53.07,82.68,53.0
2024-03-21 22:51:18,54.53,82.67,53.37
2024-03-21 22:51:49,54.53,82.65,52.87
2024-03-21 22:52:20,54.04,82.65,52.26
2024-03-21 22:52:51,53.56,82.65,52.64
2024-03-21 22:53:22,53.56,82.63,52.88
2024-03-21 22:53:53,54.53,82.62,53.33
2024-03-21 22:54:24,55.02,82.62,53.12
2024-03-21 22:54:55,54.04,82.58,52.26
2024-03-21 22:55:26,55.02,82.58,52.51
2024-03-21 22:55:57,54.53,82.65,52.39
2024-03-21 22:56:28,54.04,82.64,52.64
2024-03-21 22:56:59,55.02,82.5,54.25
2024-03-21 22:57:30,54.04,82.64,52.76
2024-03-21 22:58:01,54.53,82.71,52.9
2024-03-21 22:58:32,54.04,82.66,53.0
2024-03-21 22:59:03,54.53,82.62,52.26
2024-03-21 22:59:34,54.04,82.73,52.75
2024-03-21 23:00:05,55.02,82.64,53.92
2024-03-21 23:00:36,54.04,82.64,53.02
2024-03-21 23:01:07,54.53,82.65,52.26
2024-03-21 23:01:38,55.02,82.69,53.13
2024-03-21 23:02:09,54.04,82.68,52.97
2024-03-21 23:02:40,53.07,82.63,52.64
2024-03-21 23:03:11,54.04,82.57,52.51
2024-03-21 23:03:42,53.56,82.59,52.76
2024-03-21 23:04:13,53.56,82.65,52.5
2024-03-21 23:04:44,55.5,82.67,53.13
2024-03-21 23:05:15,54.53,82.58,52.53
2024-03-21 23:05:46,53.07,82.67,52.38
2024-03-21 23:06:17,54.53,82.61,53.02
2024-03-21 23:06:48,53.07,82.67,55.05
2024-03-21 23:07:19,55.02,82.71,53.42
2024-03-21 23:07:50,54.04,82.71,52.87
2024-03-21 23:08:21,54.53,82.63,53.13
2024-03-21 23:08:52,54.04,82.6,53.13
2024-03-21 23:09:23,54.04,82.59,53.13
2024-03-21 23:09:54,54.04,82.57,53.3
2024-03-21 23:10:25,54.53,82.65,53.37
2024-03-21 23:10:56,54.04,82.65,52.64
2024-03-21 23:11:27,54.53,82.65,52.0
2024-03-21 23:11:58,55.02,82.61,53.0
2024-03-21 23:12:29,54.04,82.6,53.47
2024-03-21 23:13:00,54.53,82.6,52.74
2024-03-21 23:13:31,53.56,82.6,52.39
2024-03-21 23:14:02,54.53,82.6,52.88
2024-03-21 23:14:33,53.56,82.6,52.38
2024-03-21 23:15:04,53.56,82.58,52.87
2024-03-21 23:15:35,54.04,82.65,53.88
2024-03-21 23:16:06,54.53,82.65,53.23
2024-03-21 23:16:37,54.53,82.62,52.63
2024-03-21 23:17:08,54.04,82.57,52.62
2024-03-21 23:17:39,55.5,82.54,53.15
2024-03-21 23:18:10,54.04,82.54,53.23
2024-03-21 23:18:41,55.02,82.53,52.88
2024-03-21 23:19:12,53.56,82.61,52.62
2024-03-21 23:19:43,55.5,82.61,52.53
2024-03-21 23:20:14,54.04,82.61,52.51
2024-03-21 23:20:45,53.56,82.6,52.51
2024-03-21 23:21:16,54.53,82.56,52.76
2024-03-21 23:21:47,55.5,82.56,53.13
2024-03-21 23:22:18,53.56,82.57,52.13
2024-03-21 23:23:19,55.5,82.56,53.28
2024-03-21 23:23:50,53.56,82.57,53.0
2024-03-21 23:24:21,54.53,82.57,52.39
2024-03-21 23:24:52,54.04,82.57,52.9
2024-03-21 23:25:23,54.53,82.58,52.88
2024-03-21 23:25:54,53.56,82.58,52.75
2024-03-21 23:26:25,54.53,82.59,52.88
2024-03-21 23:26:56,54.53,82.59,53.02
2024-03-21 23:27:27,54.04,82.58,52.62
2024-03-21 23:27:58,54.04,82.54,53.75
2024-03-21 23:28:29,54.53,82.64,54.02
2024-03-21 23:29:00,54.04,82.61,53.52
2024-03-21 23:29:31,54.04,82.6,52.38
2024-03-21 23:30:02,53.56,82.66,52.5
2024-03-21 23:30:33,54.53,82.65,52.64
2024-03-21 23:31:04,54.53,82.64,52.75
2024-03-21 23:31:35,54.04,82.64,59.5
2024-03-21 23:32:06,54.04,82.61,52.51
2024-03-21 23:32:37,54.04,82.62,53.12
2024-03-21 23:33:08,54.04,82.62,52.63
2024-03-21 23:33:39,54.04,82.71,52.88
2024-03-21 23:34:10,53.07,82.7,52.38
2024-03-21 23:34:41,54.53,82.66,52.63
2024-03-21 23:35:12,54.53,82.66,53.38
2024-03-21 23:35:43,55.5,82.65,52.38
2024-03-21 23:36:14,53.56,82.65,53.13
2024-03-21 23:36:45,54.53,82.63,52.88
2024-03-21 23:37:16,53.56,82.63,54.14
2024-03-21 23:37:47,54.53,82.63,53.03
2024-03-21 23:38:18,54.04,82.63,53.0
2024-03-21 23:38:49,54.04,82.63,52.88
2024-03-21 23:39:20,54.53,82.6,52.88
2024-03-21 23:39:51,53.07,82.6,53.13
2024-03-21 23:40:22,54.04,82.61,52.39
2024-03-21 23:40:53,54.04,82.57,52.87
2024-03-21 23:41:24,54.53,82.6,53.25
2024-03-21 23:41:55,55.02,82.58,52.51
2024-03-21 23:42:26,54.04,82.58,52.49
2024-03-21 23:42:57,54.53,82.65,52.38
2024-03-21 23:43:28,55.02,82.64,52.01
2024-03-21 23:43:59,54.53,82.64,53.12
2024-03-21 23:44:30,54.04,82.64,51.87
2024-03-21 23:45:01,55.5,82.61,53.63
2024-03-21 23:45:32,55.02,82.59,53.52
2024-03-21 23:46:03,54.53,82.6,53.38
2024-03-21 23:46:34,54.04,82.59,53.85
2024-03-21 23:47:05,55.5,82.59,54.0
2024-03-21 23:47:36,54.04,82.61,52.38
2024-03-21 23:48:07,54.04,82.6,52.88
2024-03-21 23:48:38,54.04,82.68,53.0
2024-03-21 23:49:09,54.04,82.6,54.94
2024-03-21 23:49:40,55.02,82.58,52.88
2024-03-21 23:50:11,54.04,82.55,55.86
2024-03-21 23:50:42,55.5,82.65,53.13
2024-03-21 23:51:13,54.04,82.67,53.25
2024-03-21 23:51:44,54.53,82.61,52.51
2024-03-21 23:52:15,54.04,82.66,53.27
2024-03-21 23:52:46,54.04,82.59,52.27
2024-03-21 23:53:17,54.04,82.69,53.63
2024-03-21 23:53:48,53.56,82.67,75.94
2024-03-21 23:54:19,54.04,82.66,53.02
2024-03-21 23:54:50,54.04,82.66,53.37
2024-03-21 23:55:21,54.04,82.64,53.12
2024-03-21 23:55:52,54.53,82.61,53.37
2024-03-21 23:56:23,53.56,82.61,53.12
2024-03-21 23:56:54,54.53,82.59,53.13
2024-03-21 23:57:25,55.02,82.58,52.51
2024-03-21 23:57:56,53.56,82.58,53.13
2024-03-21 23:58:27,53.56,82.58,53.03
2024-03-21 23:58:58,55.02,82.61,53.0
2024-03-21 23:59:29,54.53,82.56,52.02
2024-03-22 00:00:00,54.04,82.57,53.73
2024-03-22 00:00:31,54.04,82.58,52.26
2024-03-22 00:01:02,54.04,82.6,53.15
2024-03-22 00:01:33,54.53,82.61,52.75
2024-03-22 00:02:04,55.02,82.67,53.37
2024-03-22 00:02:35,53.56,82.65,53.0
2024-03-22 00:03:06,54.53,82.65,52.76
2024-03-22 00:03:37,54.04,82.62,53.02
2024-03-22 00:04:08,55.5,82.62,52.76
2024-03-22 00:04:39,54.53,82.61,53.5
2024-03-22 00:05:10,53.56,82.67,53.27
2024-03-22 00:05:41,54.53,82.58,53.13
2024-03-22 00:06:12,53.56,82.57,52.62
2024-03-22 00:06:43,54.04,82.63,53.38
2024-03-22 00:07:14,53.56,82.7,53.9
2024-03-22 00:07:45,55.5,82.62,53.58
2024-03-22 00:08:16,55.02,82.62,52.9
2024-03-22 00:08:47,54.04,82.6,52.53
2024-03-22 00:09:18,54.53,82.53,53.52
2024-03-22 00:09:49,54.04,82.55,52.87
2024-03-22 00:10:20,54.53,82.54,52.51
2024-03-22 00:10:51,53.56,82.56,53.63
2024-03-22 00:11:22,53.56,82.59,53.13
2024-03-22 00:11:53,54.04,82.6,53.27
2024-03-22 00:12:24,53.56,82.58,53.12
2024-03-22 00:12:55,54.04,82.58,52.9
2024-03-22 00:13:26,54.53,82.65,53.62
2024-03-22 00:13:57,54.53,82.64,53.25
2024-03-22 00:14:58,54.04,82.62,52.88
2024-03-22 00:15:29,54.53,82.6,52.88
2024-03-22 00:16:00,54.04,82.6,52.88
2024-03-22 00:16:31,55.02,82.58,53.75
2024-03-22 00:17:02,53.56,82.56,53.15
2024-03-22 00:17:33,55.02,82.52,56.89
2024-03-22 00:18:04,55.02,82.51,53.27
2024-03-22 00:18:35,54.53,82.53,54.25
2024-03-22 00:19:06,53.56,82.53,53.35
2024-03-22 00:19:37,54.04,82.56,53.4
2024-03-22 00:20:09,53.56,82.56,52.87
2024-03-22 00:20:40,54.04,82.56,53.13
2024-03-22 00:21:11,53.07,82.58,53.25
2024-03-22 00:21:42,54.53,82.6,52.75
2024-03-22 00:22:13,54.53,82.61,52.99
2024-03-22 00:22:44,54.04,82.58,52.51
2024-03-22 00:23:15,53.56,82.58,52.63
2024-03-22 00:23:46,53.07,82.62,52.9
2024-03-22 00:24:17,54.04,82.62,53.38
2024-03-22 00:24:48,55.02,82.62,53.6
2024-03-22 00:25:19,54.04,82.61,52.88
2024-03-22 00:25:50,54.04,82.55,52.88
2024-03-22 00:26:21,53.56,82.54,52.51
2024-03-22 00:26:52,55.02,82.6,54.75
2024-03-22 00:27:23,54.53,82.6,53.27
2024-03-22 00:27:54,54.04,82.62,52.91
2024-03-22 00:28:25,54.04,82.68,52.63
2024-03-22 00:28:56,54.04,82.66,53.37
2024-03-22 00:29:27,54.04,82.65,53.63
2024-03-22 00:29:58,54.53,82.64,53.52
2024-03-22 00:30:29,55.02,82.64,53.27
2024-03-22 00:31:00,54.04,82.63,52.88
2024-03-22 00:31:31,54.53,82.59,54.77
2024-03-22 00:32:02,54.04,82.59,53.27
2024-03-22 00:32:33,54.04,82.62,53.73
2024-03-22 00:33:04,54.53,82.61,53.48
2024-03-22 00:33:35,55.02,82.64,53.0
2024-03-22 00:34:06,55.02,82.65,53.27
2024-03-22 00:34:37,54.53,82.64,52.64
2024-03-22 00:35:08,54.04,82.65,52.88
2024-03-22 00:35:39,54.53,82.71,52.26
2024-03-22 00:36:10,54.53,82.67,53.37
2024-03-22 00:36:41,54.53,82.63,53.63
2024-03-22 00:37:12,54.04,82.63,53.15
2024-03-22 00:37:43,55.02,82.63,53.38
2024-03-22 00:38:14,53.56,82.62,53.27
2024-03-22 00:38:45,53.56,82.71,53.54
2024-03-22 00:39:16,53.56,82.7,53.27
2024-03-22 00:39:47,54.53,82.71,52.88
2024-03-22 00:40:18,54.53,82.69,53.48
2024-03-22 00:40:49,54.04,82.7,53.15
2024-03-22 00:41:20,54.53,82.68,52.91
2024-03-22 00:41:51,56.48,82.67,53.15
2024-03-22 00:42:22,54.53,82.66,52.88
2024-03-22 00:42:53,54.04,82.67,53.02
2024-03-22 00:43:24,54.04,82.67,52.63
2024-03-22 00:43:55,55.02,82.61,53.23
2024-03-22 00:44:26,54.53,82.61,53.38
2024-03-22 00:44:57,54.53,82.63,53.25
2024-03-22 00:45:28,55.02,82.63,52.76
2024-03-22 00:45:59,55.5,82.68,53.62
2024-03-22 00:46:30,54.53,82.66,52.88
2024-03-22 00:47:01,54.04,82.65,52.91
2024-03-22 00:47:32,55.02,82.64,52.76
2024-03-22 00:48:03,54.53,82.56,53.48
2024-03-22 00:48:34,54.53,82.57,52.64
2024-03-22 00:49:05,54.04,82.56,53.62
2024-03-22 00:49:36,54.53,82.66,53.38
2024-03-22 00:50:07,53.56,82.59,52.76
2024-03-22 00:50:38,54.53,82.58,53.23
2024-03-22 00:51:09,54.04,82.58,53.0
2024-03-22 00:51:40,54.04,82.63,59.65
2024-03-22 00:52:11,55.02,82.59,53.02
2024-03-22 00:52:42,55.5,82.6,52.75
2024-03-22 00:53:13,54.04,82.6,55.39
2024-03-22 00:53:44,54.04,82.61,53.13
2024-03-22 00:54:15,55.02,82.59,53.13
2024-03-22 00:54:46,55.02,82.56,53.47
2024-03-22 00:55:17,55.02,82.55,52.76
2024-03-22 00:55:48,53.56,82.57,52.51
2024-03-22 00:56:19,54.53,82.56,53.52
2024-03-22 00:56:50,55.5,82.62,53.0
2024-03-22 00:57:21,54.53,82.6,53.13
2024-03-22 00:57:52,54.04,82.64,53.02
2024-03-22 00:58:23,55.02,82.63,52.63
2024-03-22 00:58:54,54.53,82.63,52.75
2024-03-22 00:59:25,55.02,82.63,52.53
2024-03-22 00:59:56,54.04,82.61,52.39
2024-03-22 01:00:27,54.04,82.6,52.75
2024-03-22 01:00:58,55.02,82.67,53.0
2024-03-22 01:01:29,54.04,82.66,53.02
2024-03-22 01:02:00,54.04,82.61,53.35
2024-03-22 01:02:31,54.53,82.61,52.88
2024-03-22 01:03:02,54.53,82.59,52.76
2024-03-22 01:03:33,53.56,82.53,52.99
2024-03-22 01:04:04,53.56,82.59,52.62
2024-03-22 01:04:35,54.04,82.58,53.38
2024-03-22 01:05:06,55.99,82.58,53.12
2024-03-22 01:05:37,55.02,82.58,52.76
2024-03-22 01:06:38,53.56,82.57,53.12
2024-03-22 01:07:09,54.53,82.56,53.13
2024-03-22 01:07:40,53.56,82.56,52.87
2024-03-22 01:08:11,53.07,82.56,53.02
2024-03-22 01:08:42,54.04,82.55,53.5
2024-03-22 01:09:13,55.02,82.56,53.38
2024-03-22 01:09:44,54.04,82.56,53.52
2024-03-22 01:10:15,53.56,82.62,52.76
2024-03-22 01:10:46,53.56,82.61,52.99
2024-03-22 01:11:17,54.04,82.56,53.0
2024-03-22 01:11:48,53.56,82.54,53.02
2024-03-22 01:12:19,54.53,82.55,60.0
2024-03-22 01:12:50,55.02,82.54,53.85
2024-03-22 01:13:21,52.58,82.56,53.27
2024-03-22 01:13:52,53.07,82.55,56.14
2024-03-22 01:14:23,54.04,82.57,53.0
2024-03-22 01:14:54,54.04,82.57,53.88
2024-03-22 01:15:25,55.5,82.59,52.64
2024-03-22 01:15:56,54.04,82.59,52.53
2024-03-22 01:16:27,55.02,82.68,52.88
2024-03-22 01:16:58,54.53,82.56,53.13
2024-03-22 01:17:29,54.53,82.55,53.52
2024-03-22 01:18:00,53.07,82.54,52.51
2024-03-22 01:18:31,54.04,82.64,52.75
2024-03-22 01:19:02,55.02,82.62,52.38
2024-03-22 01:19:33,54.53,82.61,52.75
2024-03-22 01:20:04,54.04,82.53,52.14
2024-03-22 01:20:35,53.56,82.53,53.13
2024-03-22 01:21:06,55.02,82.51,53.38
2024-03-22 01:21:37,54.53,82.55,53.38
2024-03-22 01:22:08,54.04,82.61,53.5
2024-03-22 01:22:39,53.07,82.59,53.27
2024-03-22 01:23:10,54.04,82.59,53.13
2024-03-22 01:23:41,54.04,82.59,53.13
2024-03-22 01:24:12,54.04,82.55,53.03
2024-03-22 01:24:43,55.02,82.56,53.94
2024-03-22 01:25:14,55.5,82.54,53.65
2024-03-22 01:25:45,54.53,82.54,53.13
2024-03-22 01:26:16,54.53,82.63,53.5
2024-03-22 01:26:47,54.53,82.67,53.37
2024-03-22 01:27:18,54.53,82.64,53.15
2024-03-22 01:27:49,53.56,82.62,53.0
2024-03-22 01:28:20,55.5,82.6,52.51
2024-03-22 01:28:51,53.07,82.59,53.15
2024-03-22 01:29:22,55.02,82.61,53.12
2024-03-22 01:29:53,53.07,82.6,53.25
2024-03-22 01:30:24,55.02,82.65,52.78
2024-03-22 01:30:55,54.53,82.64,53.13
2024-03-22 01:31:26,55.02,82.6,52.64
2024-03-22 01:31:57,54.04,82.59,52.87
2024-03-22 01:32:28,53.56,82.6,53.0
2024-03-22 01:32:59,54.04,82.59,52.64
2024-03-22 01:33:30,55.02,82.59,53.15
2024-03-22 01:34:01,53.56,82.65,54.09
2024-03-22 01:34:32,54.53,82.59,53.27
2024-03-22 01:35:03,54.53,82.59,52.88
2024-03-22 01:35:34,53.56,82.6,53.38
2024-03-22 01:36:05,53.56,82.61,53.48
2024-03-22 01:36:36,53.56,82.61,53.0
2024-03-22 01:37:07,54.53,82.6,52.88
2024-03-22 01:37:38,54.53,82.59,53.13
2024-03-22 01:38:09,53.56,82.52,53.0
2024-03-22 01:38:40,54.04,82.55,52.39
2024-03-22 01:39:11,55.02,82.54,52.53
2024-03-22 01:39:42,54.04,82.54,52.9
2024-03-22 01:40:13,54.53,82.56,52.75
2024-03-22 01:40:44,55.5,82.55,53.15
2024-03-22 01:41:15,55.02,82.63,52.64
2024-03-22 01:41:46,54.53,82.6,53.5
2024-03-22 01:42:17,55.5,82.61,52.88
2024-03-22 01:42:48,53.56,82.59,53.02
2024-03-22 01:43:19,54.53,82.59,52.39
2024-03-22 01:43:50,54.04,82.57,52.76
2024-03-22 01:44:21,54.04,82.69,52.38
2024-03-22 01:44:52,54.04,82.69,53.4
2024-03-22 01:45:23,54.04,82.7,52.9
2024-03-22 01:45:54,53.56,82.69,53.71
2024-03-22 01:46:25,54.53,82.7,53.38
2024-03-22 01:46:56,53.56,82.69,53.15
2024-03-22 01:47:27,54.04,82.69,52.64
2024-03-22 01:47:58,53.56,82.69,52.88
2024-03-22 01:48:29,54.53,82.66,52.75
2024-03-22 01:49:00,54.53,82.64,53.27
2024-03-22 01:49:31,54.53,82.66,53.23
2024-03-22 01:50:02,53.56,82.67,53.0
2024-03-22 01:50:33,54.53,82.68,53.23
2024-03-22 01:51:04,55.02,82.67,52.88
2024-03-22 01:51:35,53.56,82.66,52.9
2024-03-22 01:52:06,54.04,82.72,53.25
2024-03-22 01:52:37,54.04,82.72,52.53
2024-03-22 01:53:08,54.53,82.72,52.76
2024-03-22 01:53:39,53.56,82.72,53.02
2024-03-22 01:54:10,54.53,82.71,53.88
2024-03-22 01:54:41,55.02,82.68,53.13
2024-03-22 01:55:12,54.53,82.67,53.48
2024-03-22 01:55:43,55.02,82.66,53.12
2024-03-22 01:56:14,54.53,82.64,54.27
2024-03-22 01:56:45,54.04,82.71,52.64
2024-03-22 01:57:16,54.53,82.72,52.28
2024-03-22 01:58:17,53.07,82.69,52.88
2024-03-22 01:58:48,54.04,82.66,53.6
2024-03-22 01:59:19,54.53,82.74,53.25
2024-03-22 01:59:50,53.07,82.71,53.13
2024-03-22 02:00:21,53.56,82.7,52.75
2024-03-22 02:00:52,54.53,82.69,53.63
2024-03-22 02:01:23,55.02,82.68,52.51
2024-03-22 02:01:54,55.02,82.73,52.27
2024-03-22 02:02:25,54.53,82.71,52.76
2024-03-22 02:02:56,54.53,82.71,53.27
2024-03-22 02:03:27,54.53,82.79,52.64
2024-03-22 02:03:58,54.53,82.79,53.0
2024-03-22 02:04:29,54.53,82.77,52.51
2024-03-22 02:05:00,53.56,82.76,53.25
2024-03-22 02:05:31,54.53,82.73,52.66
2024-03-22 02:06:02,53.56,82.73,53.25
2024-03-22 02:06:33,53.07,82.76,52.9
2024-03-22 02:07:04,53.56,82.72,53.0
2024-03-22 02:07:35,54.04,82.69,53.63
2024-03-22 02:08:06,54.04,82.69,53.37
2024-03-22 02:08:37,54.53,82.69,53.23
2024-03-22 02:09:08,53.56,82.66,53.15
2024-03-22 02:09:39,54.04,82.64,53.23
2024-03-22 02:10:10,54.53,82.65,53.02
2024-03-22 02:10:41,54.53,82.67,52.76
2024-03-22 02:11:12,53.56,82.66,53.12
2024-03-22 02:11:43,54.53,82.65,54.95
2024-03-22 02:12:14,54.04,82.71,52.88
2024-03-22 02:12:45,53.07,82.72,52.51
2024-03-22 02:13:16,54.04,82.72,52.76
2024-03-22 02:13:47,53.56,82.69,53.0
2024-03-22 02:14:18,54.04,82.69,53.02
2024-03-22 02:14:49,55.02,82.69,55.95
2024-03-22 02:15:20,54.53,82.67,53.87
2024-03-22 02:15:51,53.56,82.67,53.5
2024-03-22 02:16:22,54.04,82.72,53.88
2024-03-22 02:16:53,54.53,82.7,53.62
2024-03-22 02:17:24,53.56,82.65,55.78
2024-03-22 02:17:55,55.02,82.64,52.63
2024-03-22 02:18:26,53.56,82.62,53.5
2024-03-22 02:18:57,54.53,82.63,53.25
2024-03-22 02:19:28,53.56,82.65,53.75
2024-03-22 02:19:59,54.53,82.67,53.5
2024-03-22 02:20:30,55.02,82.62,54.14
2024-03-22 02:21:01,54.04,82.71,52.87
2024-03-22 02:21:32,54.53,82.71,52.67
2024-03-22 02:22:03,53.56,82.75,53.5
2024-03-22 02:22:34,54.04,82.75,52.88
2024-03-22 02:23:05,53.07,82.75,53.37
2024-03-22 02:23:36,54.04,82.72,52.66
2024-03-22 02:24:07,54.04,82.71,52.51
2024-03-22 02:24:38,55.99,82.64,53.13
2024-03-22 02:25:09,53.56,82.63,52.99
2024-03-22 02:25:40,53.07,82.72,53.02
2024-03-22 02:26:11,53.56,82.72,52.88
2024-03-22 02:26:42,54.53,82.64,52.9
2024-03-22 02:27:13,54.53,82.65,53.35
2024-03-22 02:27:44,54.53,82.65,53.62
2024-03-22 02:28:15,54.04,82.65,55.0
2024-03-22 02:28:46,54.53,82.63,55.09
2024-03-22 02:29:17,53.56,82.64,53.13
2024-03-22 02:29:48,54.04,82.64,53.88
2024-03-22 02:30:19,54.53,82.72,53.9
2024-03-22 02:30:50,54.53,82.65,52.78
2024-03-22 02:31:21,54.04,82.64,53.13
2024-03-22 02:31:52,54.04,82.64,53.4
2024-03-22 02:32:23,54.04,82.7,53.47
2024-03-22 02:32:54,53.56,82.7,53.02
2024-03-22 02:33:25,54.53,82.65,55.11
2024-03-22 02:33:56,55.02,82.74,53.38
2024-03-22 02:34:27,55.02,82.74,52.88
2024-03-22 02:34:58,54.04,82.69,52.64
2024-03-22 02:35:29,54.04,82.67,53.5
2024-03-22 02:36:00,54.53,82.66,53.52
2024-03-22 02:36:31,54.53,82.66,53.5
2024-03-22 02:37:02,55.5,82.64,52.88
2024-03-22 02:37:33,54.53,82.64,53.54
2024-03-22 02:38:04,54.53,82.62,53.37
2024-03-22 02:38:35,55.02,82.63,52.88
2024-03-22 02:39:06,54.53,82.64,53.23
2024-03-22 02:39:37,53.56,82.61,53.13
2024-03-22 02:40:08,53.56,82.7,52.64
2024-03-22 02:40:39,55.5,82.66,52.78
2024-03-22 02:41:10,54.04,82.64,53.37
2024-03-22 02:41:41,54.04,82.63,54.41
2024-03-22 02:42:12,55.02,82.64,53.27
2024-03-22 02:42:43,53.56,82.66,53.02
2024-03-22 02:43:14,55.02,82.65,53.37
2024-03-22 02:43:45,54.04,82.65,52.64
2024-03-22 02:44:16,55.02,82.66,56.57
2024-03-22 02:44:47,55.02,82.71,53.0
2024-03-22 02:45:18,54.04,82.72,52.63
2024-03-22 02:45:49,54.53,82.68,52.63
2024-03-22 02:46:20,53.07,82.67,53.25
2024-03-22 02:46:51,54.53,82.72,54.0
2024-03-22 02:47:22,54.04,82.7,53.75
2024-03-22 02:47:53,55.5,82.69,52.76
2024-03-22 02:48:24,54.53,82.69,52.88
2024-03-22 02:48:55,53.07,82.69,53.02
2024-03-22 02:49:56,55.02,82.66,52.78
2024-03-22 02:50:27,53.56,82.67,53.5
2024-03-22 02:50:58,54.53,82.75,53.45
2024-03-22 02:51:29,54.04,82.7,52.9
2024-03-22 02:52:00,53.56,82.68,52.87
2024-03-22 02:52:31,54.04,82.67,53.73
2024-03-22 02:53:02,55.5,82.64,52.88
2024-03-22 02:53:33,55.99,82.63,53.25
2024-03-22 02:54:04,54.53,82.63,52.9
2024-03-22 02:54:35,53.56,82.71,53.5
2024-03-22 02:55:06,55.02,82.7,52.88
2024-03-22 02:55:37,54.53,82.7,53.13
2024-03-22 02:56:08,54.04,82.67,52.51
2024-03-22 02:56:39,55.5,82.67,52.76
2024-03-22 02:57:10,55.5,82.65,52.64
2024-03-22 02:57:41,55.5,82.76,53.5
2024-03-22 02:58:12,54.53,82.76,52.9
2024-03-22 02:58:43,54.04,82.7,54.23
2024-03-22 02:59:14,54.53,82.65,53.25
2024-03-22 02:59:45,54.04,82.66,52.88
2024-03-22 03:00:16,53.56,82.65,52.9
2024-03-22 03:00:47,55.02,82.78,52.5
2024-03-22 03:01:18,54.04,82.77,53.13
2024-03-22 03:01:49,54.53,82.74,53.02
2024-03-22 03:02:20,53.56,82.66,53.15
2024-03-22 03:02:51,54.53,82.64,53.62
2024-03-22 03:03:22,55.02,82.66,53.4
2024-03-22 03:03:53,55.02,82.68,53.02
2024-03-22 03:04:24,54.53,82.68,52.26
2024-03-22 03:04:55,55.02,82.68,53.37
2024-03-22 03:05:26,53.56,82.66,53.77
2024-03-22 03:05:57,55.5,82.68,53.62
2024-03-22 03:06:28,53.56,82.68,52.75
2024-03-22 03:06:59,54.04,82.63,53.13
2024-03-22 03:07:30,53.56,82.63,53.02
2024-03-22 03:08:01,53.56,82.63,53.27
2024-03-22 03:08:32,54.53,82.71,54.09
2024-03-22 03:09:03,53.56,82.7,52.63
2024-03-22 03:09:34,54.53,82.67,53.27
2024-03-22 03:10:05,54.53,82.73,53.0
2024-03-22 03:10:36,53.56,82.62,53.73
2024-03-22 03:11:07,53.07,82.65,53.0
2024-03-22 03:11:38,54.53,82.69,53.02
2024-03-22 03:12:09,55.02,82.66,53.38
2024-03-22 03:12:40,54.04,82.65,53.4
2024-03-22 03:13:11,54.53,82.7,52.75
2024-03-22 03:13:42,53.56,82.69,53.02
2024-03-22 03:14:13,54.53,82.68,53.75
2024-03-22 03:14:44,53.56,82.64,52.76
2024-03-22 03:15:15,53.56,82.63,52.64
2024-03-22 03:15:46,54.53,82.63,53.25
2024-03-22 03:16:17,55.02,82.64,53.37
2024-03-22 03:16:48,54.53,82.62,53.5
2024-03-22 03:17:19,55.02,82.64,53.75
2024-03-22 03:17:50,54.04,82.7,53.02
2024-03-22 03:18:21,53.56,82.66,52.87
2024-03-22 03:18:52,54.53,82.62,52.91
2024-03-22 03:19:23,54.04,82.73,53.12
2024-03-22 03:19:54,55.02,82.7,53.23
2024-03-22 03:20:25,54.04,82.67,53.5
2024-03-22 03:20:56,53.56,82.71,53.23
2024-03-22 03:21:27,54.04,82.68,52.78
2024-03-22 03:21:58,54.53,82.66,53.12
2024-03-22 03:22:29,55.5,82.63,53.25
2024-03-22 03:23:00,54.53,82.7,53.13
2024-03-22 03:23:31,53.07,82.7,53.0
2024-03-22 03:24:02,53.56,82.66,53.27
2024-03-22 03:24:33,54.53,82.67,53.12
2024-03-22 03:25:04,55.02,82.68,54.75
2024-03-22 03:25:35,53.56,82.68,54.25
2024-03-22 03:26:06,54.04,82.68,54.32
2024-03-22 03:26:37,54.53,82.66,52.9
2024-03-22 03:27:08,54.04,82.64,52.64
2024-03-22 03:27:39,54.53,82.64,52.88
2024-03-22 03:28:10,55.02,82.72,53.63
2024-03-22 03:28:41,54.53,82.72,53.88
2024-03-22 03:29:12,54.04,82.71,53.13
2024-03-22 03:29:43,54.04,82.7,53.1
2024-03-22 03:30:14,54.53,82.77,53.25
2024-03-22 03:30:45,55.02,82.7,53.02
2024-03-22 03:31:16,53.56,82.73,52.88
2024-03-22 03:31:47,53.56,82.68,54.77
2024-03-22 03:32:18,53.07,82.68,54.27
2024-03-22 03:32:49,53.56,82.65,53.25
2024-03-22 03:33:20,54.53,82.69,54.5
2024-03-22 03:33:51,54.04,82.65,53.25
2024-03-22 03:34:22,54.53,82.64,53.13
2024-03-22 03:34:53,54.53,82.64,53.75
2024-03-22 03:35:24,54.53,82.73,53.4
2024-03-22 03:35:55,54.53,82.73,53.25
2024-03-22 03:36:26,54.04,82.7,53.13
2024-03-22 03:36:57,54.04,82.69,53.5
2024-03-22 03:37:28,55.02,82.63,53.47
2024-03-22 03:37:59,54.04,82.6,53.75
2024-03-22 03:38:30,54.53,82.7,53.02
2024-03-22 03:39:01,55.02,82.64,53.25
2024-03-22 03:39:32,53.56,82.64,53.6
2024-03-22 03:40:03,54.53,82.64,52.51
2024-03-22 03:40:34,54.53,82.63,52.51
2024-03-22 03:41:35,54.53,82.79,53.62
2024-03-22 03:42:06,53.56,82.7,53.75
2024-03-22 03:42:37,54.04,82.65,53.02
2024-03-22 03:43:08,53.56,82.64,52.38
2024-03-22 03:43:39,54.04,82.64,52.51
2024-03-22 03:44:10,54.04,82.6,53.27
2024-03-22 03:44:41,55.02,82.62,53.12
2024-03-22 03:45:12,53.56,82.66,53.0
2024-03-22 03:45:43,53.56,82.63,52.87
2024-03-22 03:46:14,55.02,82.65,52.66
2024-03-22 03:46:45,54.53,82.61,53.25
2024-03-22 03:47:16,53.07,82.62,52.76
2024-03-22 03:47:47,55.02,82.61,52.63
2024-03-22 03:48:18,55.5,82.62,53.12
2024-03-22 03:48:49,53.56,82.74,52.76
2024-03-22 03:49:20,54.53,82.7,54.25
2024-03-22 03:49:51,54.53,82.68,52.54
2024-03-22 03:50:22,54.04,82.65,53.58
2024-03-22 03:50:53,54.53,82.65,53.48
2024-03-22 03:51:24,54.53,82.64,53.02
2024-03-22 03:51:55,54.04,82.65,52.64
2024-03-22 03:52:26,53.56,82.63,53.13
2024-03-22 03:52:57,53.56,82.63,53.12
2024-03-22 03:53:28,54.04,82.67,54.02
2024-03-22 03:53:59,54.04,82.63,53.13
2024-03-22 03:54:30,54.53,82.72,54.11
2024-03-22 03:55:01,54.53,82.69,52.78
2024-03-22 03:55:32,54.53,82.68,53.13
2024-03-22 03:56:03,54.04,82.7,53.12
2024-03-22 03:56:34,54.53,82.69,52.64
2024-03-22 03:57:05,55.5,82.68,53.63
2024-03-22 03:57:36,54.53,82.67,53.9
2024-03-22 03:58:07,55.02,82.66,52.9
2024-03-22 03:58:38,54.04,82.64,52.9
2024-03-22 03:59:09,55.5,82.66,52.64
2024-03-22 03:59:40,53.56,82.65,53.6
2024-03-22 04:00:11,53.56,82.69,53.25
2024-03-22 04:00:42,55.02,82.75,52.26
2024-03-22 04:01:13,53.07,82.71,53.12
2024-03-22 04:01:44,53.56,82.66,53.38
2024-03-22 04:02:15,53.56,82.7,52.63
2024-03-22 04:02:46,54.04,82.69,52.5
2024-03-22 04:03:17,54.04,82.6,53.02
2024-03-22 04:03:48,54.53,82.6,52.51
2024-03-22 04:04:19,54.04,82.6,53.5
2024-03-22 04:04:50,53.56,82.6,52.75
2024-03-22 04:05:21,54.53,82.67,53.0
2024-03-22 04:05:52,54.53,82.67,53.38
2024-03-22 04:06:23,53.56,82.66,52.51
2024-03-22 04:06:54,54.04,82.72,53.27
2024-03-22 04:07:25,55.5,82.61,52.87
2024-03-22 04:07:56,54.53,82.61,52.64
2024-03-22 04:08:27,53.56,82.59,52.51
2024-03-22 04:08:58,55.5,82.61,52.76
2024-03-22 04:09:29,54.04,82.59,53.02
2024-03-22 04:10:00,54.53,82.61,53.0
2024-03-22 04:10:31,53.56,82.59,52.9
2024-03-22 04:11:02,54.04,82.61,52.88
2024-03-22 04:11:33,55.02,82.6,53.12
2024-03-22 04:12:04,54.04,82.69,53.13
2024-03-22 04:12:35,53.56,82.67,53.12
2024-03-22 04:13:06,55.5,82.67,53.98
2024-03-22 04:13:37,54.04,82.74,53.13
2024-03-22 04:14:08,54.04,82.74,53.13
2024-03-22 04:14:39,54.04,82.72,52.76
2024-03-22 04:15:10,53.56,82.71,53.38
2024-03-22 04:15:41,54.53,82.7,53.13
2024-03-22 04:16:12,54.53,82.69,52.87
2024-03-22 04:16:43,55.02,82.65,52.5
2024-03-22 04:17:14,54.53,82.58,53.02
2024-03-22 04:17:45,54.53,82.55,53.9
2024-03-22 04:18:16,55.02,82.54,52.87
2024-03-22 04:18:47,53.07,82.56,53.12
2024-03-22 04:19:18,53.07,82.56,53.63
2024-03-22 04:19:49,53.07,82.55,52.88
2024-03-22 04:20:20,52.58,82.56,53.48
2024-03-22 04:20:51,53.56,82.56,52.63
2024-03-22 04:21:22,53.56,82.55,53.6
2024-03-22 04:21:53,53.07,82.54,53.02
2024-03-22 04:22:24,53.07,82.52,53.27
2024-03-22 04:22:55,53.07,82.53,53.13
2024-03-22 04:23:26,54.04,82.52,53.37
2024-03-22 04:23:57,54.04,82.52,52.76
2024-03-22 04:24:28,53.56,82.53,53.13
2024-03-22 04:24:59,53.56,82.51,53.6
2024-03-22 04:25:30,52.58,82.58,53.02
2024-03-22 04:26:01,54.53,82.55,52.9
2024-03-22 04:26:32,53.07,82.57,52.88
2024-03-22 04:27:03,52.58,82.61,53.15
2024-03-22 04:27:34,54.04,82.53,52.76
2024-03-22 04:28:05,52.58,82.51,53.62
2024-03-22 04:28:36,54.04,82.5,52.99
2024-03-22 04:29:07,52.58,82.5,52.51
2024-03-22 04:29:38,53.56,82.52,53.25
2024-03-22 04:30:09,52.58,82.51,52.76
2024-03-22 04:30:40,53.07,82.49,53.98
2024-03-22 04:31:11,53.56,82.5,52.9
2024-03-22 04:31:42,52.58,82.52,53.27
2024-03-22 04:32:13,53.07,82.54,52.39
2024-03-22 04:33:14,53.07,82.53,52.64
2024-03-22 04:33:45,54.04,82.53,53.88
2024-03-22 04:34:16,53.56,82.52,52.88
2024-03-22 04:34:47,52.58,82.5,53.23
2024-03-22 04:35:18,53.07,82.5,52.76
2024-03-22 04:35:49,54.04,82.49,53.13
2024-03-22 04:36:20,53.07,82.51,54.16
2024-03-22 04:36:51,53.56,82.5,60.3
2024-03-22 04:37:22,54.04,82.48,53.13
2024-03-22 04:37:53,54.04,82.58,53.12
